{"cameraMode":{"drawMode":0,"name":"Shaded","section":"Shading Mode"},"sceneLighting":true,"audioPlay":false,"sceneViewState":{"m_AlwaysRefresh":false,"showFog":true,"showSkybox":true,"showFlares":true,"showImageEffects":true,"showParticleSystems":true,"showVisualEffectGraphs":true,"m_FxEnabled":true},"in2DMode":false,"pivot":{"x":1.6346187591552735,"y":0.9713951349258423,"z":-2.2582345008850099},"rotation":{"x":0.14686094224452973,"y":0.5239951610565186,"z":-0.09226149320602417,"w":0.833929181098938},"size":3.2906618118286135,"orthographic":false}