{"cameraMode":{"drawMode":0,"name":"Shaded","section":"Shading Mode"},"sceneLighting":true,"audioPlay":false,"sceneViewState":{"m_AlwaysRefresh":false,"showFog":true,"showSkybox":true,"showFlares":true,"showImageEffects":true,"showParticleSystems":true,"showVisualEffectGraphs":true,"m_FxEnabled":true},"in2DMode":false,"pivot":{"x":28.364686965942384,"y":12.494826316833496,"z":2.9955692291259767},"rotation":{"x":0.044822465628385547,"y":0.7207271456718445,"z":-0.046752430498600009,"w":0.6902436017990112},"size":4.874599456787109,"orthographic":false}